{
    "swagger": "2.0",
    "info": {
        "title": "Habbis mobile API",
        "description": "This is APIs for habbis social mobile app",
        "termsOfService": "This API document is belong to habbis mobile team.",
        "contact": {
            "email": "songxunzhao1991@gmail.com"
        },
        "license": {
            "name": "Private License",
            "url": ""
        },
        "version": "1.0.0"
    },
    "host": "198.71.54.50",
    "basePath": "/habbis/public/",
    "schemes": [
        "http"
    ],
    "paths": {
        "api/account/request": {
            "get": {
                "tags": [
                    "AccountRequest"
                ],
                "summary": "Check existing request",
                "description": "Check existing request",
                "consumes": [
                    "application/json"
                ],
                "produces": [
                    "application/json"
                ],
                "parameters": [
                    {
                        "name": "email",
                        "in": "query",
                        "description": "User's email",
                        "required": true,
                        "type": "string"
                    },
                    {
                        "name": "code",
                        "in": "query",
                        "description": "Request code",
                        "required": true,
                        "type": "string"
                    },
                    {
                        "name": "type",
                        "in": "query",
                        "description": "Request type",
                        "required": true,
                        "type": "string"
                    }
                ],
                "responses": {
                    "200": {
                        "description": "",
                        "schema": {
                            "properties": {
                                "code": {
                                    "description": "Response code",
                                    "type": "integer",
                                    "default": 200
                                }
                            },
                            "type": "object"
                        }
                    }
                }
            },
            "post": {
                "tags": [
                    "AccountRequest"
                ],
                "summary": "Request account action",
                "description": "Request account action",
                "consumes": [
                    "application/json"
                ],
                "produces": [
                    "application/json"
                ],
                "parameters": [
                    {
                        "name": "data",
                        "in": "body",
                        "required": true,
                        "schema": {
                            "required": [
                                "email",
                                "type"
                            ],
                            "properties": {
                                "email": {
                                    "description": "User's email",
                                    "type": "string"
                                },
                                "type": {
                                    "description": "Request type - 'reset', 'verify' is available",
                                    "type": "string"
                                }
                            },
                            "type": "object"
                        }
                    }
                ],
                "responses": {
                    "200": {
                        "description": "",
                        "schema": {
                            "properties": {
                                "code": {
                                    "description": "Response code",
                                    "type": "integer",
                                    "default": 200
                                }
                            },
                            "type": "object"
                        }
                    }
                }
            }
        },
        "api/account/password/reset": {
            "post": {
                "tags": [
                    "AccountRequest"
                ],
                "summary": "Request account action",
                "description": "Request account action",
                "consumes": [
                    "application/json"
                ],
                "produces": [
                    "application/json"
                ],
                "parameters": [
                    {
                        "name": "data",
                        "in": "body",
                        "required": true,
                        "schema": {
                            "required": [
                                "email",
                                "code",
                                "password"
                            ],
                            "properties": {
                                "email": {
                                    "description": "User's email",
                                    "type": "string"
                                },
                                "code": {
                                    "description": "Request code",
                                    "type": "string"
                                },
                                "password": {
                                    "description": "New password",
                                    "type": "string"
                                }
                            },
                            "type": "object"
                        }
                    }
                ],
                "responses": {
                    "200": {
                        "description": "",
                        "schema": {
                            "properties": {
                                "code": {
                                    "description": "Response code",
                                    "type": "integer",
                                    "default": 200
                                }
                            },
                            "type": "object"
                        }
                    }
                }
            }
        },
        "api/account/login": {
            "post": {
                "tags": [
                    "Account"
                ],
                "summary": "Login",
                "description": "Login user by email and password",
                "consumes": [
                    "application/json"
                ],
                "produces": [
                    "application/json"
                ],
                "parameters": [
                    {
                        "name": "data",
                        "in": "body",
                        "description": "Login data",
                        "required": true,
                        "schema": {
                            "required": [
                                "email",
                                "password"
                            ],
                            "properties": {
                                "email": {
                                    "description": "User's email",
                                    "type": "string"
                                },
                                "password": {
                                    "description": "User's password, must be longer than 8 in length",
                                    "type": "string"
                                }
                            },
                            "type": "object"
                        },
                        "type": "string"
                    }
                ],
                "responses": {
                    "200": {
                        "description": "",
                        "schema": {
                            "properties": {
                                "code": {
                                    "description": "Response code",
                                    "type": "integer",
                                    "default": 200
                                },
                                "data": {
                                    "description": "Response data",
                                    "properties": {
                                        "token": {
                                            "type": "string"
                                        },
                                        "complete_profile": {
                                            "type": "boolean"
                                        }
                                    },
                                    "type": "object"
                                }
                            },
                            "type": "object"
                        }
                    }
                }
            }
        },
        "api/account/register": {
            "post": {
                "tags": [
                    "Account"
                ],
                "summary": "Register",
                "description": "Register user. name, email and password fields are required",
                "consumes": [
                    "application/json"
                ],
                "produces": [
                    "application/json"
                ],
                "parameters": [
                    {
                        "name": "data",
                        "in": "body",
                        "description": "Register data",
                        "required": true,
                        "schema": {
                            "required": [
                                "name",
                                "email",
                                "password"
                            ],
                            "properties": {
                                "name": {
                                    "description": "User's name",
                                    "type": "string"
                                },
                                "email": {
                                    "description": "User's email",
                                    "type": "string"
                                },
                                "password": {
                                    "description": "User's password, must be longer than 8 in length",
                                    "type": "string"
                                }
                            },
                            "type": "object"
                        },
                        "type": "string"
                    }
                ],
                "responses": {
                    "200": {
                        "description": "",
                        "schema": {
                            "properties": {
                                "code": {
                                    "description": "Response code",
                                    "type": "integer",
                                    "default": 200
                                }
                            },
                            "type": "object"
                        }
                    }
                }
            }
        },
        "api/events": {
            "get": {
                "tags": [
                    "Event"
                ],
                "summary": "Get event list",
                "description": "Get event list",
                "consumes": [
                    "application/json"
                ],
                "produces": [
                    "application/json"
                ],
                "parameters": [
                    {
                        "name": "category",
                        "in": "query",
                        "description": "Category name - 'nearby', and 'mine' are possible",
                        "required": true,
                        "type": "string"
                    },
                    {
                        "name": "page",
                        "in": "query",
                        "description": "Page number",
                        "required": true,
                        "type": "string"
                    },
                    {
                        "name": "page_size",
                        "in": "query",
                        "description": "Page Size",
                        "required": true,
                        "type": "string"
                    }
                ],
                "responses": {
                    "200": {
                        "description": "",
                        "schema": {
                            "properties": {
                                "code": {
                                    "description": "Response code",
                                    "type": "integer",
                                    "default": 200
                                },
                                "data": {
                                    "type": "array",
                                    "items": {
                                        "$ref": "#/definitions/Event"
                                    }
                                }
                            },
                            "type": "object"
                        }
                    }
                }
            },
            "post": {
                "tags": [
                    "Event"
                ],
                "summary": "Create event",
                "description": "Create event",
                "consumes": [
                    "application/json"
                ],
                "produces": [
                    "application/json"
                ],
                "parameters": [
                    {
                        "name": "data",
                        "in": "body",
                        "description": "Register data",
                        "required": true,
                        "schema": {
                            "$ref": "#/definitions/Event"
                        },
                        "type": "string"
                    }
                ],
                "responses": {
                    "200": {
                        "description": "",
                        "schema": {
                            "properties": {
                                "code": {
                                    "description": "Response code",
                                    "type": "integer",
                                    "default": 200
                                },
                                "data": {
                                    "type": "object"
                                }
                            },
                            "type": "object"
                        }
                    }
                }
            }
        },
        "api/events/{event_id}/attend": {
            "get": {
                "tags": [
                    "Event"
                ],
                "summary": "Attend event",
                "description": "Attend event",
                "consumes": [
                    "application/json"
                ],
                "produces": [
                    "application/json"
                ],
                "parameters": [
                    {
                        "name": "event_id",
                        "in": "path",
                        "description": "Event id",
                        "required": true,
                        "type": "string"
                    }
                ],
                "responses": {
                    "200": {
                        "description": "",
                        "schema": {
                            "properties": {
                                "code": {
                                    "description": "Response code",
                                    "type": "integer",
                                    "default": 200
                                },
                                "message": {
                                    "type": "string"
                                }
                            },
                            "type": "object"
                        }
                    }
                }
            }
        },
        "api/events/{event_id}/cancel_attend": {
            "get": {
                "tags": [
                    "Event"
                ],
                "summary": "Cancel attendance",
                "description": "Cancel attendance",
                "consumes": [
                    "application/json"
                ],
                "produces": [
                    "application/json"
                ],
                "parameters": [
                    {
                        "name": "event_id",
                        "in": "path",
                        "description": "Event id",
                        "required": true,
                        "type": "string"
                    }
                ],
                "responses": {
                    "200": {
                        "description": "",
                        "schema": {
                            "properties": {
                                "code": {
                                    "description": "Response code",
                                    "type": "integer",
                                    "default": 200
                                },
                                "message": {
                                    "type": "string"
                                }
                            },
                            "type": "object"
                        }
                    }
                }
            }
        },
        "api/events/{event_id}": {
            "get": {
                "tags": [
                    "Event"
                ],
                "summary": "Get event detail",
                "description": "Get event detail",
                "consumes": [
                    "application/json"
                ],
                "produces": [
                    "application/json"
                ],
                "parameters": [
                    {
                        "name": "event_id",
                        "in": "path",
                        "description": "Event id",
                        "required": true,
                        "type": "string"
                    }
                ],
                "responses": {
                    "200": {
                        "description": "",
                        "schema": {
                            "properties": {
                                "code": {
                                    "description": "Response code",
                                    "type": "integer",
                                    "default": 200
                                },
                                "data": {}
                            },
                            "type": "object"
                        }
                    }
                }
            }
        },
        "api/events/{event_id}/members": {
            "get": {
                "tags": [
                    "EventMember"
                ],
                "summary": "Get event members",
                "description": "Get event members",
                "consumes": [
                    "application/json"
                ],
                "produces": [
                    "application/json"
                ],
                "parameters": [
                    {
                        "name": "event_id",
                        "in": "path",
                        "description": "Event id",
                        "required": true,
                        "type": "string"
                    },
                    {
                        "name": "page",
                        "in": "query",
                        "description": "Page number",
                        "required": true,
                        "type": "string"
                    },
                    {
                        "name": "page_size",
                        "in": "query",
                        "description": "Page size",
                        "required": true,
                        "type": "string"
                    }
                ],
                "responses": {
                    "200": {
                        "description": "",
                        "schema": {
                            "properties": {
                                "code": {
                                    "description": "Response code",
                                    "type": "integer",
                                    "default": 200
                                },
                                "message": {
                                    "type": "string"
                                }
                            },
                            "type": "object"
                        }
                    }
                }
            }
        },
        "api/files": {
            "post": {
                "tags": [
                    "Files"
                ],
                "summary": "Upload file, return url",
                "description": "Upload file",
                "consumes": [
                    "multipart/form-data"
                ],
                "produces": [
                    "application/json"
                ],
                "parameters": [
                    {
                        "name": "file",
                        "in": "formData",
                        "required": true,
                        "type": "file"
                    }
                ],
                "responses": {
                    "200": {
                        "description": "",
                        "schema": {
                            "properties": {
                                "code": {
                                    "description": "Response code",
                                    "type": "integer",
                                    "default": 200
                                },
                                "data": {
                                    "description": "Response code",
                                    "properties": {
                                        "url": {
                                            "description": "Link to uploaded image",
                                            "type": "string"
                                        }
                                    },
                                    "type": "object"
                                }
                            },
                            "type": "object"
                        }
                    }
                }
            }
        },
        "api/account/invites": {
            "post": {
                "tags": [
                    "Account"
                ],
                "summary": "Invite user by email",
                "description": "Invite user by email",
                "consumes": [
                    "application/json"
                ],
                "produces": [
                    "application/json"
                ],
                "parameters": [
                    {
                        "name": "data",
                        "in": "body",
                        "description": "Register data",
                        "required": true,
                        "schema": {
                            "required": [
                                "email"
                            ],
                            "properties": {
                                "email": {
                                    "description": "Invitee's email",
                                    "type": "string"
                                }
                            },
                            "type": "object"
                        },
                        "type": "string"
                    }
                ],
                "responses": {
                    "200": {
                        "description": "",
                        "schema": {
                            "properties": {
                                "code": {
                                    "description": "Response code",
                                    "type": "integer",
                                    "default": 200
                                },
                                "message": {
                                    "description": "Response message",
                                    "type": "string"
                                }
                            },
                            "type": "object"
                        }
                    }
                }
            }
        },
        "api/account/profile": {
            "get": {
                "tags": [
                    "Account"
                ],
                "summary": "Profile",
                "description": "Get user profile",
                "consumes": [
                    "application/json"
                ],
                "produces": [
                    "application/json"
                ],
                "responses": {
                    "200": {
                        "description": "",
                        "schema": {
                            "properties": {
                                "code": {
                                    "description": "Response code",
                                    "type": "integer",
                                    "default": 200
                                },
                                "data": {
                                    "description": "Response data",
                                    "$ref": "#/definitions/User"
                                }
                            },
                            "type": "object"
                        }
                    }
                }
            },
            "post": {
                "tags": [
                    "Account"
                ],
                "summary": "Profile",
                "description": "Get user profile",
                "consumes": [
                    "application/json"
                ],
                "produces": [
                    "application/json"
                ],
                "parameters": [
                    {
                        "name": "data",
                        "in": "body",
                        "required": true,
                        "schema": {
                            "$ref": "#/definitions/User"
                        }
                    }
                ],
                "responses": {
                    "200": {
                        "description": "",
                        "schema": {
                            "properties": {
                                "code": {
                                    "description": "Response code",
                                    "type": "integer",
                                    "default": 200
                                }
                            },
                            "type": "object"
                        }
                    }
                }
            }
        },
        "api/users/{user_id}": {
            "get": {
                "tags": [
                    "User"
                ],
                "summary": "Get user's detail",
                "description": "Get user's detail",
                "consumes": [
                    "application/json"
                ],
                "produces": [
                    "application/json"
                ],
                "parameters": [
                    {
                        "name": "user_id",
                        "in": "path",
                        "description": "User id",
                        "required": true,
                        "type": "string"
                    }
                ],
                "responses": {
                    "200": {
                        "description": "",
                        "schema": {
                            "properties": {
                                "code": {
                                    "description": "Response code",
                                    "type": "integer",
                                    "default": 200
                                },
                                "data": {}
                            },
                            "type": "object"
                        }
                    }
                }
            }
        }
    },
    "definitions": {
        "Event": {
            "properties": {
                "img": {
                    "type": "string"
                },
                "title": {
                    "type": "string"
                },
                "from": {
                    "type": "string",
                    "format": "date-time"
                },
                "to": {
                    "type": "string",
                    "format": "date-time"
                },
                "description": {
                    "type": "string"
                },
                "venue": {
                    "type": "string"
                },
                "creator_id": {
                    "type": "integer"
                },
                "lat": {
                    "type": "number",
                    "format": "float"
                },
                "lng": {
                    "type": "number",
                    "format": "float"
                }
            },
            "xml": {
                "name": "Event"
            }
        },
        "User": {
            "properties": {
                "name": {
                    "type": "string"
                },
                "birth": {
                    "type": "string",
                    "format": "date"
                },
                "location": {
                    "type": "string"
                },
                "lat": {
                    "type": "number",
                    "format": "float"
                },
                "lng": {
                    "type": "number",
                    "format": "float"
                },
                "job_name": {
                    "type": "string"
                },
                "profile_img": {
                    "type": "string"
                }
            },
            "xml": {
                "name": "User"
            }
        },
        "UserInvite": {
            "properties": {
                "email": {
                    "type": "string"
                }
            },
            "xml": {
                "name": "UserInvite"
            }
        }
    }
}